gene,pos,true_label,pred_label,pathogenic_proba
TP53,175,Pathogenic,Pathogenic,0.71
TP53,248,Pathogenic,Pathogenic,0.711
TP53,273,Pathogenic,Pathogenic,0.727
TP53,282,Pathogenic,Pathogenic,0.66
TP53,213,Pathogenic,Pathogenic,0.735
TP53,245,Pathogenic,Benign,0.449
TP53,220,Pathogenic,Pathogenic,0.617
TP53,151,Pathogenic,Benign,0.47
TP53,173,Pathogenic,Benign,0.478
TP53,249,Pathogenic,Pathogenic,0.63
TP53,72,Benign,Pathogenic,0.652
TP53,21,Benign,Pathogenic,0.527
TP53,47,Benign,Pathogenic,0.53
TP53,185,Benign,Benign,0.419
TP53,36,Benign,Pathogenic,0.606
TP53,203,Benign,Pathogenic,0.63
TP53,267,Benign,Pathogenic,0.51
TP53,110,Benign,Pathogenic,0.608
TP53,337,Benign,Pathogenic,0.597
TP53,341,Benign,Benign,0.473
BRCA1,1770,Pathogenic,Benign,0.445
BRCA1,1841,Pathogenic,Benign,0.407
BRCA1,1687,Pathogenic,Pathogenic,0.51
BRCA1,133,Pathogenic,Pathogenic,0.613
BRCA1,1210,Pathogenic,Pathogenic,0.511
BRCA1,1437,Pathogenic,Pathogenic,0.587
BRCA1,64,Pathogenic,Benign,0.45
BRCA1,1018,Pathogenic,Pathogenic,0.709
BRCA1,1768,Pathogenic,Pathogenic,0.625
BRCA1,552,Pathogenic,Pathogenic,0.553
BRCA1,771,Benign,Pathogenic,0.587
BRCA1,878,Benign,Benign,0.307
BRCA1,1006,Benign,Benign,0.463
BRCA1,1443,Benign,Benign,0.388
BRCA1,1609,Benign,Pathogenic,0.546
BRCA1,119,Benign,Pathogenic,0.542
BRCA1,317,Benign,Benign,0.497
BRCA1,560,Benign,Benign,0.437
BRCA1,991,Benign,Benign,0.425
BRCA1,1250,Benign,Benign,0.313
PIK3CA,542,Pathogenic,Pathogenic,0.611
PIK3CA,545,Pathogenic,Pathogenic,0.634
PIK3CA,1047,Pathogenic,Pathogenic,0.748
PIK3CA,110,Pathogenic,Pathogenic,0.596
PIK3CA,420,Pathogenic,Benign,0.367
PIK3CA,102,Pathogenic,Pathogenic,0.56
PIK3CA,345,Pathogenic,Pathogenic,0.51
PIK3CA,546,Pathogenic,Benign,0.48
PIK3CA,850,Pathogenic,Benign,0.463
PIK3CA,933,Pathogenic,Benign,0.44
PIK3CA,166,Benign,Benign,0.487
PIK3CA,228,Benign,Benign,0.475
PIK3CA,359,Benign,Pathogenic,0.587
PIK3CA,453,Benign,Pathogenic,0.578
PIK3CA,556,Benign,Pathogenic,0.575
PIK3CA,658,Benign,Pathogenic,0.587
PIK3CA,777,Benign,Pathogenic,0.59
PIK3CA,885,Benign,Pathogenic,0.521
PIK3CA,995,Benign,Pathogenic,0.587
APC,1309,Pathogenic,Benign,0.45
APC,1061,Pathogenic,Pathogenic,0.593
APC,1114,Pathogenic,Pathogenic,0.567
APC,1338,Pathogenic,Benign,0.49
APC,486,Benign,Benign,0.487
APC,659,Benign,Pathogenic,0.513
APC,842,Benign,Benign,0.457
APC,1023,Benign,Benign,0.417
APC,1200,Benign,Benign,0.47
APC,1389,Benign,Benign,0.343
APC,1570,Benign,Benign,0.463
APC,1685,Benign,Pathogenic,0.548
APC,1800,Benign,Benign,0.418
APC,2000,Benign,Pathogenic,0.563
PAH,408,Pathogenic,Pathogenic,0.65
PAH,261,Pathogenic,Pathogenic,0.587
PAH,158,Pathogenic,Pathogenic,0.587
PAH,252,Pathogenic,Benign,0.44
PAH,356,Pathogenic,Pathogenic,0.546
PAH,111,Pathogenic,Pathogenic,0.665
PAH,202,Pathogenic,Benign,0.43
PAH,302,Pathogenic,Benign,0.486
PAH,399,Pathogenic,Pathogenic,0.572
PAH,422,Pathogenic,Benign,0.447
PAH,46,Benign,Pathogenic,0.599
PAH,99,Benign,Benign,0.487
PAH,152,Benign,Benign,0.437
PAH,205,Benign,Benign,0.417
PAH,258,Benign,Pathogenic,0.538
PAH,311,Benign,Benign,0.44
PAH,364,Benign,Benign,0.487
PAH,417,Benign,Pathogenic,0.577
